Overall,Overall,Democrats,Democrats,Republicans,Republicans
"Low
(Less than 0.5)","High
(0.5 or More)","Low
(Less than 0.5)","High
(0.5 or More)","Low
(Less than 0.5)","High
(0.5 or More)"
1.925933909534896,1.5215413533834588,1.6853816962859272,1.5495841269841268,2.1664861227838643,1.5032525879917187
1.8933331757545837,1.8249316239316238,1.4771038765094822,1.9339583333333334,2.3095624749996855,1.7764753086419751
1.8534037238643133,1.9376581692682489,1.703757575838009,1.42873791836731,2.0030498718906173,2.446578420169187
1.758409838776581,1.847979216940648,1.6627826548463915,1.6174319877367351,1.8540370227067704,2.078526446144561
1.8406647783753118,1.8933098465641847,1.5974222195855654,1.7540108732368005,2.083907337165059,2.032608819891569
1.8551258463232265,1.252745036502849,1.728366660431458,1.251657242063492,1.9818850322149952,1.253832830942206
1.8814721642054717,1.9225833333333335,1.7259424732405229,1.9761111111111112,2.03700185517042,1.9047407407407408
